{
  "urls": [
    "../output/ambiances.ogg",
    "../output/ambiances.m4a",
    "../output/ambiances.mp3",
    "../output/ambiances.ac3"
  ],
  "sprite": {
    "naissance_etape_1_ambiance": [
      0,
      60000
    ],
    "naissance_etape_2_ambiance": [
      61000,
      60048.00453514738
    ],
    "naissance_etape_3_ambiance": [
      123000,
      60960.00000000001
    ],
    "naissance_etape_4_ambiance": [
      185000,
      59688.0045351474
    ],
    "naissance_etape_5_ambiance": [
      246000,
      60959.99999999998
    ],
    "naissance_etape_6_ambiance": [
      308000,
      59688.0045351474
    ]
  }
}