{
  "urls": [
    "../output/triggers.ogg",
    "../output/triggers.m4a",
    "../output/triggers.mp3",
    "../output/triggers.ac3"
  ],
  "sprite": {
    "naissance_etape_2_01_feuille_arrachee": [
      0,
      1295.9863945578231
    ],
    "naissance_etape_2_02_h1_aie_ca_fait_mal": [
      3000,
      2628.004535147392
    ],
    "naissance_etape_2_03_h1_celle_la_est_belle": [
      7000,
      2375.986394557824
    ],
    "naissance_etape_3_01_h1_allez_c_est_parti": [
      11000,
      1775.9863945578225
    ],
    "naissance_etape_3_02_feuille_decoupe": [
      14000,
      6264.013605442176
    ],
    "naissance_etape_3_03_entree_eau": [
      22000,
      3888.004535147392
    ],
    "naissance_etape_3_04_ambiance_eau": [
      27000,
      47882.44897959183
    ],
    "naissance_etape_3_05_h1_ajoute_le_kerosene": [
      76000,
      1968.0045351473864
    ],
    "naissance_etape_3_06_ajout_kerosene": [
      79000,
      4414.693877551016
    ],
    "naissance_etape_3_07_h2_c_est_bon": [
      85000,
      1920.0000000000018
    ],
    "naissance_etape_3_08_h1_on_est_bons": [
      88000,
      1680.0000000000068
    ],
    "naissance_etape_3_09_h1_vas_y_draine": [
      91000,
      2184.0136054421746
    ],
    "naissance_etape_3_10_h2_ok": [
      95000,
      888.0045351473882
    ],
    "naissance_etape_3_11_draine": [
      97000,
      8463.673469387757
    ],
    "naissance_etape_4_01_h1_ajoute_ammoniac": [
      107000,
      2040.0000000000064
    ],
    "naissance_etape_4_02_ajout_ammoniac": [
      111000,
      4414.693877551016
    ],
    "naissance_etape_4_03_h1_comme_ca_c_est_bien": [
      117000,
      1992.0181405895646
    ],
    "naissance_etape_4_04_merge_pasta": [
      120000,
      1415.9863945578195
    ],
    "naissance_etape_5_01_h1_corriger_ph": [
      123000,
      3935.98639455783
    ],
    "naissance_etape_5_02_h1_ajout_acide": [
      128000,
      1704.013605442185
    ],
    "naissance_etape_5_03_reaction_chimique": [
      131000,
      9360.000000000015
    ],
    "naissance_etape_5_04_h2_pouah_odeur": [
      142000,
      1800.0000000000114
    ],
    "naissance_etape_5_05_h1_toux": [
      145000,
      3672.0181405895573
    ],
    "naissance_etape_5_06_h1_salut_a": [
      150000,
      2424.0136054421837
    ],
    "naissance_etape_5_07_h2_salut": [
      154000,
      1128.0045351473973
    ],
    "naissance_etape_6_01_presse_hydrau": [
      157000,
      6575.986394557816
    ],
    "naissance_etape_6_02_h1_elle_est_pour_qui": [
      165000,
      1584.0136054421805
    ],
    "naissance_etape_6_03_h2_che": [
      168000,
      1008.0045351473927
    ],
    "naissance_etape_6_04_h1_mets_la_une_minute": [
      171000,
      1439.9999999999977
    ],
    "naissance_etape_6_05_micro_onde": [
      174000,
      7055.9863945578345
    ],
    "naissance_etape_6_06_h1_snif_bon_comme_ca": [
      183000,
      3335.9863945578354
    ],
    "naissance_etape_6_07_h1_bien_un_kilo": [
      188000,
      1415.9863945578195
    ],
    "naissance_etape_6_08_h2_oui": [
      191000,
      1104.0136054421907
    ]
  }
}